CODIGO ,REFERENCIA,DETALLE,INVENTARIO SISTEMA,11/7/2026,CTO UNIT,CTO TOTAL,ENTRADAS,SALIDAS, STOCK,24/6/2023, COSTO, CTO TOTAL,,,
1GB001,PVC1GB001          ,CIELO RASO IMPRESO BLANCO LINEA PLATA 9MM 0.30 X 5.95 MTS     ,,,22000,0,0,0,  -   ,,,,,,
GB00RA,,CIELO RASO IMPRESO ROSALIA ACANALADO 9MM 0.30 X 5.95 MTS     ,,  70 ,22000,1.540.000,0,38,  32 ,,,,,,
GB001,PVCGB001            ,CIELO RASO IMPRESO BLANCO PURO 9MM 0.30 X 5.95 MTS     ,,  248 ,22000,5.456.000,100,78,  270 ,,,,,,
GB001///,,CIELO RASO IMPRESO BLANCO PURO 3 LINEAS 9MM 0.30 X 5.95 MTS     ,,  6 ,22000,,0,0,  6 ,,,,,,
GB002,,CIELO RASO IMPRESO BLANCO MATTE 9MM 0.30 X 5.95 MTS     ,,  15 ,22000,,0,0,  15 ,,,,,,
GB005A,PVCGB005D           ,CIELO RASO ACANALADO CARA HUMO 9MM X 30CM         TRES LINEAS ,,  11 ,22000,242.000,0,18,- 7 ,,,,,,
GB005///,,CIELO RASO DOBLE CARA HUMO TRES LINEAS  9MM X 30CM         TRES LINEAS ,,  5 ,22000,,0,0,  5 ,,,,,,
GB006,PVCGB006            ,CIELO RASO IMPRESO MIEL BRILLANTE 9MM 0.30 X 5.95 MTS         ,,,22000,0,0,0,  -   ,,,,,,
GB006A,,CIELO RASO IMPRESO MIEL BRILLANTE ACANALADO 9MM 0.30 X 5.95 MTS         ,,  10 ,22000,,0,0,  10 ,,,,,,
GB008,,CIELO RASO 3D 9MM 0.30 X 5.95 MTS         ,,,22000,,0,0,  -   ,,,,,,
GB007,PVCGB007,CIELO RASO LAMINADO WENGUE 9MM 0.30 X 5.95 MTS            ,,  5 ,22000,110.000,0,0,  5 ,,,,,,
GB009,PVCGB009,CIELO RASO IMPRESO JASPIADO  BRILLANTE 9MM 0.30 X 5.95 MTS  ,,  83 ,22000,1.826.000,0,66,  17 ,,,,,,
GB009A,PVCGB009,CIELO RASO IMPRESO JASPIADO  ACANALADO BRILLANTE 9MM 0.30 X 5.95 MTS  ,,,22000,0,0,0,  -   ,,,,,,
GB005,PVCGB005            ,CIELO RASO IMPRESO BLANCO VETEADO HUMO 9MM 0.30 X 5.95 MTS                       ,,  113 ,22000,2.486.000,5,107,  11 ,,,,,,
GB013,PVCGB013,CIELO RASO BLANCO EJECUTIVO 9MM,,,22000,0,0,0,  -   ,,,,,,994
GB014,PVCGB014            ,CIELO RASO IMPRESO EJECUTIVO OLAS 9MM X.30 MTS.X 5.95 MTS ,,  6 ,22000,132.000,0,0,  6 ,,,,,,
GB015,PVCGB015            ,CIELO RASO MINIMALISTA 9MM X 0.30MTS X 5.95 MTS    K14,,  38 ,22000,836.000,0,0,  38 ,,,,,,
GB016,,CIELO RASO MARMOLIZADO PLACA GRIS 9MM X 0.30MTS X 5.95 MTS    ,,  115 ,22000,,0,56,  59 ,,,,,,
GB017,,CIELO RASO MACHIMBRE  9MM X 0.30MTS X 5.95 MTS    ,,  189 ,22000,,0,1,  188 ,,,,,,
GB018,,CIELO RASO MARMOL CLARO 9MM X 0.30MTS X 5.95 MTS    ,,  154 ,22000,,60,133,  81 ,,,,,,
GB019,,CIELO RASO 3D BLANCO EJECUTIVO 9MM X 0.30MTS X 5.95 MTS    ,,  176 ,22000,,0,0,  176 ,,,,,,
GB061,,LAMINA DE PROMOCION,,  100 ,15000,1.500.000,0,0,  100 ,,,,,,
,,PERIMETRAL,,,,0,0,0,  -   ,,,,,,
1J001,PVC1J001,PERIMETRAL PECHOPALOMA LINEA PLATA,,  125 ,8000,1.000.000,80,121,  84 ,,,,,,
J001,PVCJ001             ,"PERIMETRAL PECHOPALOMA IMPRESO BLANCO  X 5,95 MTS          ",,  2 ,8000,16.000,0,0,  2 ,,,,,,
J005,PVCJ005             ,PERIMETRAL  PECHOPALOMA IMPRESO BLANCO VETEADO HUMO        ,,  221 ,8000,1.768.000,0,75,  146 ,,,,,,
J006,PVCJ006             ,PERIMETRAL PECHOPALOMA LAMINADO MIEL X 5.95 MTS  ,,  77 ,8000,616.000,0,3,  74 ,,,,,,
F001,PVCF001             ,PERIMETRAL EN F IMPRESO BLANCO X 5.95 MTS           ,,,8000,0,40,1,  39 ,,,,,,
F005,PVCF005             ,PERIMETRAL EN F IMPRESO BLANCO HUMO X 5.95 MTS    ,,,8000,0,0,11,- 11 ,,,,,,
F006,PVCF006             ,PERIMETRAL EN F IMPRESO MIEL  X 5.95 MTS                             ,,  38 ,8000,304.000,0,2,  36 ,,,,,,
F008,PVCF006             ,PERIMETRAL EN F IMPRESO CHOCOLATE  X 5.95 MTS                             ,,  28 ,8000,224.000,0,0,  28 ,,,,,,
H001,,UNIONES EN H BLANCO PURO X 5.95 MTS    ,,  40 ,8000,320.000,0,2,  38 ,,,,,,
H005,PVCH005             ,UNIONES EN H BLANCO VETEADO HUMO X 5.95 MTS                      ,,  64 ,8000,512.000,0,4,  60 ,,,,,,
H006,PVCH006             ,UNIONES EN H MIEL X 5.95 MTS                     ,,,8000,0,0,1,- 1 ,,,,,,
H009,PVCH009             ,UNIONES EN H JASPEADO X 5.95 MTS        ,,,8000,0,0,2,- 2 ,,,,,,
U001,PVCU001             ,PERIMETRAL SIN SUJECION EN U IMPRESO BLANCO MATE X 5.95 MTS   ,,,8000,0,0,0,  -   ,,,,,,
U005,PVCU005             ,PERIMETRAL SIN SUJECION EN U IMPRESO BLANCO VETEADO HUMO X 5  ,,,8000,0,0,0,  -   ,,,,,,
Y001,PVCY001            ,PERIMETRAL EN Y MULITIUSO  BLANCO PURO             ,,  56 ,8000,448.000,40,0,  96 ,,,,,,
Y005,PVCY001            ,PERIMETRAL EN Y MULITIUSO BLANCO MADERA        ,,  9 ,8000,72.000,40,3,  46 ,,,,,,
,,PARED PVC,,,,0,0,0,  -   ,,,,,,
UV MARM,,"PAREDES MARMOLIZADAS UV 1,22*244",,  67 ,86000,5.762.000,24,23,  68 ,,,,,,
UV MARD,,"PAREDES MARMOLIZADAS UV CON DISEÑO 1,22*244",,  26 ,86000,,0,1,  25 ,,,,,,
,,,,,,,0,0,  -   ,,,,,,
,,ANGULOS PAREDES UV MARMOLIZADAS,,,,,0,0,  -   ,,,,,,
L UV01,,"ANGULO PARED MARMOL UV NEGRO 1,22*244",,  8 ,8000,,0,10,- 2 ,,,,,,
L UV02,,"ANGULO PARED MARMOL UV PLATA 1,22*244",,  29 ,8000,,0,0,  29 ,,,,,,
L UV03,,"ANGULO PARED MARMOL UV DORADO 1,22*244",,,8000,,0,0,  -   ,,,,,,
,,,,,8000,,0,0,  -   ,,,,,,
,,UNIONES PAREDES UV MARMOLIZADAS,,,,,0,0,  -   ,,,,,,
H UV01,,"UNION PARED MARMOL UV NEGRO 1,22*244",,,8000,,0,0,  -   ,,,,,,
H UV02,,"UNION PARED MARMOL UV PLATA 1,22*244",,  16 ,8000,,0,1,  15 ,,,,,,
H UV03,,"UNION MARMOL UV DORADO 1,22*244",,  5 ,8000,,0,0,  5 ,,,,,,
,,,,,,,0,0,  -   ,,,,,,
,,U PAREDES UV MARMOLIZADAS,,,,,0,0,  -   ,,,,,,
U UV01,,"U PARED MARMOL UV NEGRO 1,22*244",,,8000,,0,0,  -   ,,,,,,
U UV02,,"U PARED MARMOL UV PLATA 1,22*244",,  6 ,8000,,0,0,  6 ,,,,,,
U UV03,,"U MARMOL UV DORADO 1,22*244",,  22 ,8000,,0,0,  22 ,,,,,,
,,,,,,,0,0,  -   ,,,,,,
,,Y PAREDES UV MARMOLIZADAS,,,,,0,0,  -   ,,,,,,
Y UV01,,"Y PARED MARMOL UV NEGRO 1,22*244",,,8000,,0,0,  -   ,,,,,,
Y UV02,,"Y PARED MARMOL UV PLATA 1,22*244",,,8000,,0,0,  -   ,,,,,,
Y UV03,,"Y MARMOL UV DORADO 1,22*244",,  18 ,8000,,0,0,  18 ,,,,,,
,,,,,,,0,0,  -   ,,,,,,
,,CINTA DE ALUMINIO UV MARMOL,,,,,0,0,  -   ,,,,,,
CD1,,CINTA DE ALUMINIO DORADA DE 1 CM,,  5 ,10500,,0,0,  5 ,,,,,,
CP1,,CINTA DE ALUMINIO PLATEADA DE 1 CM,,  3 ,10500,,0,0,  3 ,,,,,,
CN3,,CINTA DE ALUMINIO NEGRO DE 1 CM,,,10500,,0,0,  -   ,,,,,,
CR1,,CINTA DE ALUMINIO ROSA DE 1 CM,,,10500,,0,0,  -   ,,,,,,
CD2,,CINTA DE ALUMINIO DORADA DE 2 CM,,  5 ,14500,,0,0,  5 ,,,,,,
CP2,,CINTA DE ALUMINIO PLATEADA DE 2 CM,,  3 ,14500,,0,0,  3 ,,,,,,
CN2,,CINTA DE ALUMINIO NEGRO DE 2 CM,,  4 ,14500,,0,0,  4 ,,,,,,
CR2,,CINTA DE ALUMINIO ROSA DE 2 CM,,  1 ,14500,,0,0,  1 ,,,,,,
CD3,,CINTA DE ALUMINIO DORADA DE 3 CM,,  19 ,18500,,0,2,  17 ,,,,,,
CP3,,CINTA DE ALUMINIO PLATEADA DE 3 CM,,  2 ,18500,,0,1,  1 ,,,,,,
CN3,,CINTA DE ALUMINIO NEGRO DE 3 CM,,  3 ,18500,,0,0,  3 ,,,,,,
CR3,,CINTA DE ALUMINIO ROSA DE 3 CM,,  2 ,18500,,0,0,  2 ,,,,,,
CLIKS,,CLIKS LAMINAS MARMOLIZADAS,,  996 ,250,,0,200,  796 ,,,,,,
,,,,,,,0,0,  -   ,,,,,,
,,,,,,,0,0,  -   ,,,,,,
,,PAREDES RIGIDAS,,,,,0,0,  -   ,,,,,,
G001,,PARED RIGIDA NEGRA BETA DORADA,,  18 ,17000,,0,0,  18 ,,,,,,
G004,,PARED RIGIDA MADERA OSCURA,,  56 ,17000,,0,65,- 9 ,,,,,,
G005,,PARED RIGIDA MADERA ENVEJECIDA,,  21 ,,,0,4,  17 ,,,,,,
G006,,PARED RIGIDA CAFE,,  45 ,17000,,0,6,  39 ,,,,,,
G007,,PARED RIGIDA CAFE CHOCOLATE,,  39 ,17000,,0,0,  39 ,,,,,,
G008,,PARED RIGIDA CAFE CLARO,,  9 ,17000,,0,0,  9 ,,,,,,
G010,,PARED RIGIDA CAFE TERRACOTA,,  21 ,17000,,0,0,  21 ,,,,,,
G011,,PARED RIGIDA RUSTICA,,  45 ,17000,,0,0,  45 ,,,,,,
G012,,PARED RIGIDA NEGRA RAYAS DORADAS,,  52 ,17000,,0,6,  46 ,,,,,,
G02X,,PARED RIGIDA BLANCA BETA DORADA,,  2 ,17000,,0,0,  2 ,,,,,,
G015,,PARED RIGIDA BLANCA,,  33 ,17000,,0,2,  31 ,,,,,,
G025,,PARED RIGIDA BLANCA RAYAS DORADAS,,  31 ,17000,,0,0,  31 ,,,,,,
G026,,PARED RIGIDA GRIS,,  6 ,17000,,0,0,  6 ,,,,,,
G027,,PARED RIGIDA AMARILLA,,  2 ,17000,,0,1,  1 ,,,,,,
,,MURO DIVISOR DE PARED,,,,,0,0,  -   ,,,,,,
KFX2,,MURO DIVISOR DE PARED GRIS CLARO  2.90*30,,  2 ,70000,,0,6,- 4 ,,,,,,
KFX7,,MURO DIVISOR DE PARED AVENA  2.90*30,,  2 ,70000,,0,0,  2 ,,,,,,
KFX4,,MURO DIVISOR DE PARED CAFE 2.90*30,,  2 ,70000,,0,0,  2 ,,,,,,
,,ACCESORIO DIVISOR MURO DE PARED,,,,,0,0,  -   ,,,,,,
AKFX2,,ACCESORIO DIVISOR MURO DE PARED GRIS CLARO,,  5 ,52500,,0,2,  3 ,,,,,,
AKFX7,,ACCESORIO DIVISOR MURO DE PARED PARED AVENA,,  5 ,52500,,0,0,  5 ,,,,,,
AKFX4,,ACCESORIO DIVISOR MURO DE PARED CAFE,,  5 ,52500,,0,0,  5 ,,,,,,
,,,,,,,0,0,  -   ,,,,,,
LAMINA ESPEJO,,LAMINA ESPEJO POR 1.22 X 2.44,,,130000,,0,0,  -   ,,,,,,
ESPEJOS DECORATIVOS,,ESPEJOS DECORATIVOS REDONDOS Y OBALADOS,,  12 ,10000,,0,0,  12 ,,,,,,
CINTA D,PVCFOAM018   55%    ,CINTA DORADA DE 2.90 LARGO,,  9 ,10000,,0,0,  9 ,,,,,,
CINTA P,,CINTA PLATA DE 2.90 LARGO,,  8 ,10000,,0,0,  8 ,,,,,,
UV MARMD,,PAREDES MARMOLIZADAS UV DISEÑO,,  13 ,,0,0,0,  13 ,,,,,,
,,ACCESORIOS DE PARED,,,,0,0,0,  -   ,,,,,,
ACCES A,,ACESORIOS  ABARROTES,,  13 ,8500,,0,0,  13 ,,,,,,
,,WPC 2.70*0.16CM,,,,0,0,0,  -   ,,,,,,
WPC1708,,WPC GRISP BETA 2.70*0.16CM,,  30 ,17000,510.000,0,0,  30 ,,,,,,
WPC1705,PVCFOAM04 55%       ,WPC  AVENA 2.70*0.16CM,,,17000,0,0,15,- 15 ,,,,,,
WPC2,PVCFOAM06           ,"WPC CAFE BETA 2,70*0,16CM",,  32 ,17000,544.000,0,2,  30 ,,,,,,
WPCR,PVCFOAM08 55%       ,"WPC ROSADO PASTEL 2,70*0,16CM",,  34 ,17000,578.000,0,0,  34 ,,,,,,
WPC1,PVCFOAM09           ,"WPC BEIGE 2,70*0,16CM",,,17000,0,0,0,  -   ,,,,,,
WPC1623,PVCFOAM012  55%     ,"WPC CAOBA 2,70*0,16CM",,  20 ,17000,340.000,0,4,  16 ,,,,,,
WPC6,,WPC NEGRO MARMOLIZADO 2.70*0.16CM,,  21 ,17000,357.000,0,0,  21 ,,,,,,
WPC7,,WPC GRIS CON NEGRO 2.70*0.16CM,,,17000,0,0,4,- 4 ,,,,,,
WPC15,,WPC ROBLE 2.70*0.16CM,,  30 ,17000,510.000,0,0,  30 ,,,,,,
WPC3,,WPC GRIS MARMOL 2.70*0.16CM,,  60 ,17000,1.020.000,0,0,  60 ,,,,,,
WPC10,,WPC CAFE CON NEGRO 2.70*0.16CM,,  20 ,17000,340.000,0,0,  20 ,,,,,,
WPC11,,WPC  NEGRO 2.70*0.16CM,,  34 ,17000,,0,8,  26 ,,,,,,
WPC17,,WPC CAFE OSCURO 2.70*0.16CM,,  37 ,17000,,0,7,  30 ,,,,,,
WPC12,,WPC BLANCO RAYAS 2.70*0.16CM,,  20 ,17000,,0,0,  20 ,,,,,,
WPCD,,WPC DORADO 2.70*0.16CM RF1625,,  37 ,17000,,0,0,  37 ,,,,,,
WPCGRIS,PVCFOAM012  55%     ,"WPC GRIS 2,70*0,16CM RF1622",,  60 ,17000,1.020.000,0,0,  60 ,,,,,,
,,,,,,,0,0,  -   ,,,,,,
,,WPC 2.70*0.16CM EXTERIOR,,,,,0,0,  -   ,,,,,,
WPCEXT01,,WPC EXTERIOR STONE GREY 2.70*0.16CM,,  21 ,54000,,0,0,  21 ,,,,,,
WPCEXT02,,WPC  EXERIOR BROWNIESH RED 2.70*0.16CM,,  16 ,54000,,0,10,  6 ,,,,,,
,,,,,,,0,0,  -   ,,,,,,
,,ANGULOS WPC EXTERIOR,,,,,0,0,  -   ,,,,,,
LWPEXTC01,,WPC EXTERIOR STONE GREY 2.90*0.20CM,,  10 ,17000,,0,0,  10 ,,,,,,
LWPEXTC02,,WPC  EXERIOR BROWNIESH RED 2.90*0.90CM,,  10 ,17000,,0,0,  10 ,,,,,,
,,WPC 2.95*0.16CM PREMIUN,,,,,0,0,  -   ,,,,,,
WPCSP001,,"WPC BLANCO 2,90*16  374",,,44000,,0,0,  -   ,,,,,,
WPCSP002,,WPC NEGRO 2.90 * 16  373,,,44000,,0,0,  -   ,,,,,,
WPCSP003,,WPC AVENA2.90 * 16  374,,  6 ,40000,,0,0,  6 ,,,,,,
WPCSP004,,WPC CAFE 2.90 * 16  375,,,,,0,0,  -   ,,,,,,
WPCSP005,,WPC CAFE TERRACOTA 2.90 * 16  376,,,,,0,0,  -   ,,,,,,
WPCSP006,,,,,,,0,0,  -   ,,,,,,
WPCSP007,,,,,,,0,0,  -   ,,,,,,
WPCSP008,,WPC GRIS ROSAS DE 2.90 * 16  373,,,24000,,0,0,  -   ,,,,,,
WPC61,,WPC SALDOS 2.90 * 16  ,,  13 ,24000,,0,0,  13 ,,,,,,
,,,,,,,0,0,  -   ,,,,,,
,,,,,,,0,0,  -   ,,,,,,
ANGULO WPC,,"ANGULO WPC SURTIDO 2,90",,,8500,,0,0,  -   ,,,,,,
LWPC01,,"ANGULO WPC CAFE CLARO 2,70*3*3",,,7500,,0,0,  -   ,,,,,,
LWPC02,,"ANGULO WPC CAFE OSCURO 2,70*3*3",,,7500,,0,0,  -   ,,,,,,
LWPC03,,"ANGULO WPC GRIS MARMOL 2,70*3*3",,,7500,,0,0,  -   ,,,,,,
LWPC04,,"ANGULO WPC GRIS  2,70*3*3",,  4 ,7500,,0,6,- 2 ,,,,,,
LWPC06,,"ANGULO WPC NEGRO MARMOLIZADO RAYAS BLANCAS 2,70*3*3",,,7500,,0,0,  -   ,,,,,,
LWPC011,,"ANGULO WPC NEGRO 2,70*3*3",,  21 ,7500,,20,20,  21 ,,,,,,
LWPC012,,"ANGULO WPC BLANCO RAYAS DORADAS 2,70*3*3",,  4 ,7500,,0,0,  4 ,,,,,,
,,,,,,,0,0,  -   ,,,,,,
,,,,,,,0,0,  -   ,,,,,,
,,,,,,,0,0,  -   ,,,,,,
ADHESIVO M,,ADHESIVO MARMOL DE 1.22*3,,  210 ,45500,,0,2,  208 ,,,,,,
ADHESIVO M MADER,,ADHESIVO MADERA RELIEVE DE 1.22*3,,  10 ,,,0,0,  10 ,,,,,,
ADHESIVO M BL REL,,ADHESIVO BLANCO RELIEVE DE 1.22*3,,  10 ,,,0,0,  10 ,,,,,,
ADHESIVO A,,"ADHESIVO ACANALADO 3 MTS*0,58",,  10 ,,,0,1,  9 ,,,,,,
AD EX ROSA ,,ADHESIVO ESPUMADO ROSA DE 70*75,,,5000,,0,0,  -   ,,,,,,
AD EX NEGRO,,ADHESIVO ESPUMADO NEGRO DE 70*75,,,5000,,0,0,  -   ,,,,,,
AD EX PASTO,,ADHESIVO ESPUMADO PASTO DE 70*75,,,5000,,0,0,  -   ,,,,,,
AD EX GRIS ,,ADHESIVO ESPUMADO GRIS DE 70*75,,,5000,,0,0,  -   ,,,,,,
AD EX ESP BLANCO,,ADHESIVO ESPUMADO BLANCO DE 70*75,,,5000,,0,0,  -   ,,,,,,
AD EX GM,,ADHESIVO ESPUMADO GRIS MARMOL DE 70*75,,,5000,,0,0,  -   ,,,,,,
AD EX NM,,ADHESIVO ESPUMADO NEGRO MARMOL DE 70*75,,,5000,,0,0,  -   ,,,,,,
AD EX CEFE,,ADHESIVO ESPUMADO CAFE  DE 70*76,,,5000,,0,0,  -   ,,,,,,
AD EX LADRILLO,,ADHESIVO ESPUMADO LADRILLO DE 70*77,,,5000,,0,0,  -   ,,,,,,
AD XBM NM,,ADHESIVO ESPUMADO NEGRO MARMOL DE 60*30,,,5000,,0,0,  -   ,,,,,,
AD XBM GN,,ADHESIVO ESPUMADO GIS MARMOL DE 60*30,,,2500,,0,0,  -   ,,,,,,
AD XBM BM,,ADHESIVO ESPUMADO BLANCO MARMOL DE 60*30,,,2500,,0,0,  -   ,,,,,,
HW5710,,PVC RIGIDO NEGRO MARMOL DE 2.90 * 30,,,20000,,0,0,  -   ,,,,,,
HW8950,,PVC RIGIDO BLANCO DORADO DE 2.90 * 30,,,21500,,0,0,  -   ,,,,,,
HW8150,,PVC RIGIDO CAFE OSCURO DE 2.90 * 31,,,21500,,0,0,  -   ,,,,,,
HW8138,,PVC RIGIDO CAFE CLARO DORADO DE 2.90 * 30,,,21500,,0,0,  -   ,,,,,,
HW8430,,ABARROTES DE 2.90,,,45500,,0,0,  -   ,,,,,,
CABLE CLIP,,CABLE CLIP GRAPAS PLASTICAS CON PUNTILLAS,,,25,,0,0,  -   ,,,,,,
,,,,,,,0,0,  -   ,,,,,,
,,PISO EN PVC PARA EXTERIOR,,,,,0,0,  -   ,,,,,,
PDECK01,,"PISO DECK EXTERIOR BLACK 2,90*15",,  21 ,,,0,0,  21 ,,,,,,
PDECK02,,"PISO DECK EXTERIOR MARRON 2,90*15",,  21 ,,,0,0,  21 ,,,,,,
DECKAC,,ACCESORIOS PISO DECK (TORNILLOS Y PLACAS),,  100 ,,,0,0,  100 ,,,,,,
,,,,,,,0,0,  -   ,,,,,,
,,PISO EN PVC PARA INTERIOR,,,,,0,0,  -   ,,,,,,
PA01,,PISO EN PVC NUEZ,,  180 ,,,0,0,  180 ,,,,,,
PA02,,PISO EN PVC NOGAL TABLILLA,,  73 ,,,0,0,  73 ,,,,,,
PA03,,PISO EN PVC ROBLE,,  216 ,,,0,0,  216 ,,,,,,
,,,,,,,0,0,  -   ,,,,,,
,,PISO EN SPC PARA INTERIOR,,,,,0,0,  -   ,,,,,,
PS01,,PISO EN SPC CHOCOLATE,,  100 ,,,0,0,  100 ,,,,,,
PS02,,PISO EN SPC AVENA,,  100 ,,,0,0,  100 ,,,,,,
PS03,,PISO EN SPC TIERRA,,  56 ,,,0,3,  53 ,,,,,,
,,,,,,,0,0,  -   ,,,,,,
,,FERRETERIA,,,,,0,0,  -   ,,,,,,
T.L.B,TORNILLO L PTA BROCA,TORNILLO CABEZA EXTRAPLANA PUNTA BROCA ZINCADO 8 X 1/2 MULTIFUNCIONAL      ,,  14.000 ,20,,0,400,  13.600 ,,,,,,
T.L.A,TORNILLO L PTA AGUDA,TORNILLO CABEZA EXTRAPLANA PUNTA AGUDA ZINCADO 8 X 1/2 MULTIFUNCIONAL       ,,  4.700 ,20,,35800,8950,  31.550 ,,,,,,
T.E,TORNILLO ESTRUCTURA,TORNILLO ESTRUCTURA                     ,,  24.800 ,20,,21000,7700,  38.100 ,,,,,,
T.P,TORNILLO PANEL,TORNILLO PANEL,,  17.300 ,20,,0,800,  16.500 ,,,,,,
T.B,ACEROELMPRTR0009    ,TORNILLO  BOARD,,  1.200 ,20,,26000,1350,  25.850 ,,,,,,
T.AV A,TORNILLO AVELLANADO,TORNILLO AVELLANADO AGUDO,,,20,,0,0,  -   ,,,,,,
T.AV B,TORNILLO AVELLANADO,TORNILLO AVELLANADO BROCA,,,20,,0,0,  -   ,,,,,,
ANGULO,ACEROIELMPRAN001    ,"ANGULO 2,44",,  459 ,1400,,530,416,  573 ,,,,,,
T.AV B LENT,TORNILLO AVELLANADO,TORNILLO AVELLANADO,,,20,,0,0,  -   ,,,,,,
CHAZOS 3/8 M,,CHAZOZ EXPANSION ANCLAJE METAL 3/8,,  99 ,20,,0,0,  99 ,,,,,,
CHAZOS 1/4,,CHAZOZ PLASTICOS TORNILLOS 1/4,,  1.900 ,20,,0,50,  1.850 ,,,,,,
OMEGA,ACEROIELMPROM001    ,OMEGA 0.40 C26 X 2.44MTS    ,,  593 ,2400,,510,593,  510 ,,,,,,
VIGUETA,ACEROIELMPRPRK2601  ,"PRINCIPAL 0.40 C26 X 2,44 MTS   ",,  616 ,2400,,500,353,  763 ,,,,,,
PARAL 59,ACEROIP59           ,PARAL 59   CALIBRE 26 X 2.44 MTS          ,,,6500,,0,34,- 34 ,,,,,,
PARAL 89,ACEROIP89           ,PARAL 89 CALIBRE 26 X 2.44 MTS   ,,  36 ,6300,,50,14,  72 ,,,,,,
CANAL 40,,CANAL 40 CALIBRE 26 X 2.44 MTS,,,,,0,0,  -   ,,,,,,
CANAL 60,,CANAL 60   CALIBRE 26 X 2.44 MTS          ,,,4700,,0,21,- 21 ,,,,,,
CANAL 90,,CANAL 90 CALIBRE 26 X 2.44 MTS   ,,  4 ,5800,,50,0,  54 ,,,,,,
PUNTILLA 1,ACEROIECL,"CAJA CLAVO DE ACERO VERTICAL 1"" X CJ",,  84 ,7750,,2,14,  72 ,,,,,,
FRESC,,FRESCASA,,,127000,,0,0,  -   ,,,,,,
THERM 3,,THERMOLON 3 X MTRS,,,3000,,0,0,  -   ,,,,,,
THERM 5,,THERMOLON 5 X MTRS,,  30 ,6500,,0,66,- 36 ,,,,,,
THERM 8,,THERMOLON 8 X MTRS,,,7500,,0,0,  -   ,,,,,,
THERM 10,,THERMOLON 10 X MTRS,,,9500,,0,0,  -   ,,,,,,
ESTUCO DRW,,ESTUCO DRYWALL X 25KL,,,24000,,0,2,- 2 ,,,,,,
ESTUCO IMPADOC,,ESTUCO IMPADOC X 25KL,,  4 ,37800,,0,0,  4 ,,,,,,
ESTUCO LIS,,ESTUCO EPA X 25KL,,,24000,,0,0,  -   ,,,,,,
ESTUCO LB,,ESTUCO PLASTICO POR LIBRA,,  5 ,2500,,0,0,  5 ,,,,,,
ESTUCO KL,,ESTUCO PLASTICO POR KILO,,  3 ,5500,,0,0,  3 ,,,,,,
ESTUCO RLL,,ESTUCO RELLENO X 25 KL,,,24000,,0,0,  -   ,,,,,,
ESTUCO LIN,,ESTUCO LINSE,,  24 ,,,0,0,  24 ,,,,8 MEDIOS,,
ESTUCO PN,,ESTUCO PANEL,,  9 ,13000,,0,7,  2 ,,,,,,
G57 X GL,,ESTUCO RELLENO ACRILICO X GALON ,,,13000,,0,0,  -   ,,,,,,
G56 X GL,,ESTUCO PLASTICO GALON G56,,  2 ,13000,,0,0,  2 ,,,,,,
IMPER1/4 Q23,,IMPERMEABILIZANTE POR QUARTO Q23,,,15000,,0,0,  -   ,,,,,,
IMPER1/4 Q32,,IMPERMEABILIZANTE POR QUARTO Q32,,,18000,,0,0,  -   ,,,,,,
IMPER CÑ K32,,IMPERMEABILIZANTE POR CUÑETE K32,,  1 ,195000,,0,0,  1 ,,,,,,
IMPER GL K32,,IMPERMEABILIZANTE POR GALON K32,,  2 ,50000,,0,1,  1 ,,,,,,
IMPER BD K32,,IMPERMEABILIZANTE POR BALDE K32,,  2 ,,,0,1,  1 ,,,,,,
IMPERMAX X KL,,IMPERMAX X KL,,  5 ,,,0,0,  5 ,,,,,,
MASTIC X CÑ,,SUPER MASTICK X CÑ,,  10 ,36000,,10,7,  13 ,,,,,,
MASTIC X BALDE,,SUPER MASTCK X BALDE,,  8 ,19800,,10,5,  13 ,,,,,,
MASTIC X GL,,SUPER MASTICK X GALON,,  7 ,11500,,10,4,  13 ,,,,,,
CINTA M20,,CINTA MALLA DE 20 MM,7,  2 ,3250,,0,1,  1 ,,,,,,
CINTA M45 ,,CINTA MALLA DE 45MM,10,  2 ,6900,,0,1,  1 ,,,,,,
CINTA M90,,CINTA MALLA DE 90MM,2,  5 ,10900,,0,0,  5 ,,,,,,
CINTA P23,,CINTA PAPEL DE 23 MM,11,  7 ,3100,,0,5,  2 ,,,,,,
CINTA P75,,CINTA PAPEL DE 75 MM,,  7 ,8000,,0,0,  7 ,,,,,,
"CINTA ENM 1""",,CINTA ENMASCARAR  *40 MT 24MM ,,  4 ,2500,,0,0,  4 ,,,,,,
"CINTA ENM 2""",,CINTA ENMASCARAR *40MT 48 MM,,  10 ,4500,,0,2,  8 ,,,,,,
CINTA DUC410,,CINTA PARA DUCTO 45MM * 10MT,,  6 ,,,0,0,  6 ,,,,,,
CINTA PLATA REP,,CINTA *10 CM ADECUADA PARA INSTALACIONES,,  6 ,,,0,0,  6 ,,,,,,
CINTA P150,,CINTA PAPEL DE 150 MM,,  1 ,17900,,0,0,  1 ,,,,,,
CINTA T100,,CINTA TRASPARENTE DE 10MM,,  3 ,2500,,0,0,  3 ,,,,,,
CINTA DF5,,CINTA DOBLE FAX DE 5M,,  6 ,2600,,0,0,  6 ,,,,,,
TEFLON,,TEFLON,,  26 ,500,,0,0,  26 ,,,,,,
LIJA 150,,LIJA 150,,  47 ,1100,,0,17,  30 ,,,,,,
LIJA 180,,LIJA 180,,  50 ,1100,,0,0,  50 ,,,,,,
LIJA 320,,LIJA 320,,  7 ,,,50,0,  57 ,,,,,,
BROCHA 1,,"BROCHA GOYA 1""",,  9 ,2700,,0,0,  9 ,,,,,,
BROCHA 2,,"BROCHA GOYA 2""",,  5 ,4000,,0,1,  4 ,,,,,,
BROCHA 3,,"BROCHA GOYA 3""",,  19 ,6250,,0,1,  18 ,,,,,,
BROCHA 4,,"BROCHA GOYA 4""",,  9 ,,,0,2,  7 ,,,,,,
RODILLO 9 G,,RODILLO DE 9 GOYA,,  4 ,5300,,0,4,  -   ,,,,,,
RODILLO JG2,,RODILLO JUNIOR GOYA 2,,  2 ,2650,,0,0,  2 ,,,,,,
RODILLO JG3,,RODILLO JUNIOR GOYA 3,,  4 ,3100,,0,0,  4 ,,,,,,
RODILLO JG5,,RODILLO JUNIOR GOYA 5,,,4450,,0,0,  -   ,,,,,,
RODILLO JG6,,RODILLO JUNIOR GOYA 6,,  6 ,4450,,0,0,  6 ,,,,,,
BANDEJA G,,BANDEJA GOYA PLASTICA ,,  1 ,5450,,0,0,  1 ,,,,,,
DISCO PIEDRA 4 1/2,,DISCO DE CORTE DIAMANTADO SEGMENTADO  4 1/2,,  5 ,1200,,0,0,  5 ,,,,,,
DISCO LIJA 1020  4 1/2,,DISCO DE CORTE LIJA 4 1/2,,  6 ,1200,,0,0,  6 ,,,,,,
DISCO HIERRO 4 1/2,,DISCO DE CORTE HIERRO 4 1/2,,  3 ,1200,,0,0,  3 ,,,,,,
DISCO MULTI 4 1/2,,DISCO DE CORTE MULTIPROPOSITO CERAMICA 4 1/2,,  3 ,1200,,0,0,  3 ,,,,,,
DISCO ESTANDAR 4 1/2,,DISCO DE CORTE ESTANDAR CORTE METAL 4 1/2,,  16 ,,,0,6,  10 ,,,,,,
G25,,ACCESORIOS PARA PEGAR CERAMICAS,,  2 ,,,0,0,  2 ,,,,,,
ESPATULA 3,,ESPATULA GOYA 3,,  6 ,3850,,0,0,  6 ,,,,,,
LLANA LISA PR,,LLANA LISA PROFESIONAL,,  1 ,16700,,0,0,  1 ,,,,,,
BOARD4,,SUPER BOARD DE 4MM,,,42400,,31,19,  12 ,,,,,,
BOARD6,,SUPER BOARD DE 6MM,,,59400,,50,19,  31 ,,,,,,
BOARD8,,SUPER BOARD DE 8MM,,,,,0,0,  -   ,,,,,,
PANEL,,LAMINA PANEL YESO,,  50 ,44000,,0,13,  37 ,,,,,,
SILICONA,,SILICONA MULTIUSO,,  39 ,7500,,0,19,  20 ,,,,,,
ANGULO PERFORADO,,ANGULO PERFORADO DE PANEL DRAWALL,,,5500,,0,0,  -   ,,,,,,
SILICONA 50G,,SILICONA ACETICA 50G,,,4000,,0,0,  -   ,,,,,,
BARRA SILICO LIA,,SILICONA LIQUIDA,,  20 ,400,,0,0,  20 ,,,,,,
SUPERGRI X LB,,SUPERCRYL X LIBRA,,  4 ,5500,,0,1,  3 ,,,,,,
SUPERGRI X KL,,INVERCRIL X KL,,  1 ,,,0,0,  1 ,,,,,,
PEGANTE BOND,,PEGANTE BOND2G,,  18 ,650,,0,0,  18 ,,,,,,
SILICONA CERO,,SILICONA PEGANTE CERO CLAVOS EN CREMA PQ X 200GR,,  84 ,5500,,0,0,  84 ,,,,,,
SINTESOLDA ,,SINTESOLDA ADHESIVO EPOXICO X 14 GR,,  2 ,,,0,0,  2 ,,,,,,
PU40,,MAPEFLEX PU40  GRIS X 300MM,,  26 ,17500,,24,22,  28 ,,,,,,
SILICONA CREMA 600ML,,SELLADOR POLIURETANO,,  12 ,5000,,0,1,  11 ,,,,,,
PEGAFULL,,SILICONA LIQUIDA  PEGA FULL  CARTUCHO X 310 MM,,  44 ,10500,,0,6,  38 ,,,,,,
TAPAGOTERAS,,TAPAGOTERAS SUDAL  SELLADOR  270G,,  4 ,,,0,0,  4 ,,,,,,
PEGANTEC,,PEGANTE CERAMICO,,  5 ,12500,,0,4,  1 ,,,,,,
PEGANTEP,,PEGANTE PORCELANATO,,  9 ,18000,,0,1,  8 ,,,,,,
PP CÑ,,PINTURA CORAZA CUÑETE ,,  1 ,195000,,0,0,  1 ,,,,,,
PP BD,,PINTURA CORAZA BALDE ,,  1 ,100000,,0,0,  1 ,,,,,,
PP GL,,PINTURA CORAZA GALON ,,,50000,,0,0,  -   ,,,,,,
P1 CÑ,,PINTURA T1 CUÑETE,,  3 ,136000,,0,1,  2 ,,,,,,
P1 BD,,PINTURA T1 BALDE,,  2 ,69000,,0,1,  1 ,,,,,,
P1 GL,,PINTURA T1 GALON ,,  6 ,29000,,0,3,  3 ,,,,,,
P2 CÑ,,PINTURA T2 CUÑETE,,  2 ,92000,,0,0,  2 ,,,,,,
P2 BD,,PINTURA T2 BALDE,,  5 ,45000,,0,0,  5 ,,,,,,
P2 GL,,PINTURA T2 GALON ,,  6 ,22000,,0,0,  6 ,,,,,,
P 3EN1 N GL,,PINTURA 3 EN 1 NEGRO GALON,,  2 ,48000,,0,0,  2 ,,,,,,
P 3EN1 B GL,,PINTURA 3 N 1 BLANCO GALON ,,  1 ,48000,,0,0,  1 ,,,,,,
P 3EN1 B 1/4,,PINTURA 3 N 1 BLANCO 1/4,,  6 ,,,0,0,  6 ,,,,,,
P 3EN1 N 1/4,,PINTURA 3 EN 1 NEGRO 1/4,,  3 ,,,0,0,  3 ,,,,,,
GL BASE,,GALON BASE DE GRANIPLAS ,,  2 ,15000,,0,0,  2 ,,,,,,
JB GL,,JUNTA BOARD X GL,,,,,0,1,,,,,,,
JB CÑ,,JUNTA BOARD X CÑ,,  1 ,,,0,0,  1 ,,,,,,
JB BD,,JUNTA BOARD X  BALDE,,  1 ,,,0,0,  1 ,,,,,,
BASE X GL,,BASE X GALON,,  9 ,,,0,0,  9 ,,,,,,
ACRONAL GL,,ACRONAL AL 50% POR GALON ,,  4 ,13900,,0,0,  4 ,,,,,,
ACRONAL 1/4,,ACRONAL AL 50%,,  6 ,5200,,0,1,  5 ,,,,,,
FRAGUA 2K,,FRAGUA 2K,,  1 ,10000,,0,0,  1 ,,,,,,
AFLOJA X 300,,AFLOJA TODO X 300 ML,,  12 ,,,0,0,  12 ,,,,,,
AFLOJA X 110,,AFLOJA TODO X 110 ML,,  3 ,,,0,0,  3 ,,,,,,
G54,,JUNTAS PARA PANEL YESO,,  3 ,15000,,0,0,  3 ,,,,,,
SEPILLO ESPAT,,SEPILLO DE ALAMBRE DE ACERO CON ESPATULA,,  6 ,,,0,0,  6 ,,,,,,
SEPILLO SENCILLO,,SEPILLO DE ALAMBRE  SENCILLO CURVO,,  6 ,,,0,0,  6 ,,,,,,
EG58 CÑ,,GRANIPLAS CUÑETE,,  8 ,55000,,0,1,  7 ,,,,,,
EG58 BD,,GRANIPLAS BALDE,,  7 ,30000,,0,0,  7 ,,,,,,
EG58 GL,,GRANIPLAS GALON ,,  2 ,13000,,0,0,  2 ,,,,,,
EG59 CÑ,,GRANOTEX CUÑETE,,  3 ,55000,,0,4,- 1 ,,,,,,
EG59 BD,,GRANOTEX BALDE,,  5 ,30000,,0,0,  5 ,,,,,,
EG59 GL,,GRANOTEX GALON ,,,13000,,0,0,  -   ,,,,,,
ESPUMA EX 710,,ESPUMA EXPANSIVA X 710,,  8 ,16600,,0,0,  8 ,,,,,,
ESPUMA EX 500,,ESPUMA EXPANSIVA X 500,,  6 ,,,0,0,  6 ,,,,,,
TAPABOCAS,,TAPABOCAS SENCILLO,,  5 ,500,,0,0,  5 ,,,,,,
FR157,,BISTURÍ CAUCHO CON REPUESTO,,  7 ,2951,,0,1,  6 ,,,,,,
FR530,,DESTORNILLADOR DOBLE PUNTA USA GRANDE,,  8 ,1976,,0,0,  8 ,,,,,,
FR2338,,DESTORNILLADOR TIPO RACHE USA DOBLE PUNTA,,  3 ,5134,,0,0,  3 ,,,,,,
FR1374,,TIJERA LÁMINA AVIACIÓN RECTA,,  6 ,10593,,0,0,  6 ,,,,,,
FR3054,,AEROSOL DORADO CROMADO 400 ML KERNEL,,  6 ,6343,,0,0,  6 ,,,,,,
FR3053,,AEROSOL PLATA CROMADO 400 ML KERNEL,,  6 ,6050,,0,0,  6 ,,,,,,
FR1483,,CHAZO EXPANSIÓN 3/8 X 1 7/8,,  100 ,320,,0,0,  100 ,,,,,,
FR2330,,"CHAZO PLÁSTICO MARIPOSA 5/16"" BLANCO",,  200 ,216,,0,0,  200 ,,,,,,
FR2120,,INTERRUPTOR DOBLE LÍNEA LUJO CROMADA,,  6 ,10807,,0,0,  6 ,,,,,,
FR2212,,INTERRUPTOR DOBLE NEGRO M6 LUJO,,  5 ,9456,,0,0,  5 ,,,,,,
FR2121,,INTERRUPTOR SENCILLO LÍNEA LUJO CROMADO,,  6 ,8848,,0,0,  6 ,,,,,,
FR2213,,INTERRUPTOR SENCILLO NEGRO M6 LUJO,,  13 ,7072,,0,0,  13 ,,,,,,
FR2122,,INTERRUPTOR TRIPLE LÍNEA LUJO CROMADA,,  6 ,12389,,0,0,  6 ,,,,,,
FR2186,,INTERRUPTOR TRIPLE NEGRO M6 LUJO,,  6 ,12437,,0,0,  6 ,,,,,,
FR1197,,SEGUETA ECONÓMICA,,  2 ,300,,0,0,  2 ,,,,,,
SEGUETA ,,SEGUETA 4 EN 1,,  5 ,,,0,0,  5 ,,,,,,
FR2723,,TOMA DOBLE INCRUSTAR BRINK,,  11 ,2616,,0,0,  11 ,,,,,,
TOMA SENCILLO N,,TOMA SENCILLO  NEGRO,,,,,0,8,,,,,,,
FR2214,,TOMA DOBLE NEGRO M6 LUJO,,  3 ,8535,,0,0,  3 ,,,,,,
FR2124,,TOMA MÁS INTERRUPTOR LÍNEA LUJO CROMADO,,  6 ,10289,,0,0,  6 ,,,,,,
FR1856,,"TIJERA HOGAR 8.25""",,  3 ,4748,,0,0,  3 ,,,,,,
FR2215,,TOMA MÁS INTERRUPTOR NEGRO M6 LUJO,,  2 ,9664,,0,0,  2 ,,,,,,
FR2127,,TOMA TV LÍNEA LUJO CROMADA,,  6 ,8717,,0,0,  6 ,,,,,,
FR2217,,TOMA TV NEGRO M6 LUJO,,  6 ,6616,,0,0,  6 ,,,,,,
FR2332,,"TORNILLO DRYWALL 10 - 1 1/2""",,  50 ,29,,0,0,  50 ,,,,,,
FR00013,,ACEITE 3 EN 1 ECONÓMICO PEQUEÑO 30 ML,,  3 ,1420,,0,0,  3 ,,,,,,
FR02591,,AEROSOL ALTA TEMPERATURA NEGRO BRILLANTE,,  2 ,15197,,0,0,  2 ,,,,,,
FR00034,,AEROSOL ALTA TEMPERATURA NEGRO MATE DUKE,,  1 ,15205,,0,0,  1 ,,,,,,
FR,,AEROSOL  NEGRO BRILLANTE,,  7 ,,,0,0,  7 ,,,,,,
FR02905,,CINTA PELIGRO X 50 MTS,,  2 ,4016,,0,0,  2 ,,,,,,
FR00010,,CORTAFRIO PROFESIONAL #6,,  6 ,8370,,0,0,  6 ,,,,,,
PULPO,,ELASTICO PARA CARGAS X 2 MTR,,  12 ,,,0,0,  12 ,,,,,,
FR00576,,"ESPÁTULA DE ACERO MANGO PASTA 4""",,  6 ,1636,,0,0,  6 ,,,,,,
FR00620,,ESPÁTULA PLÁSTICA ,,  21 ,375,,0,0,  21 ,,,,,,
TENSOR,,TENSOR ELASTICO X 2MTR,,  11 ,,,0,0,  11 ,,,,,,
FR02045,,FLEXOMETRO LUFKIN 8 MTS,,  4 ,26616,,0,0,  4 ,,,,,,
FR02764,,GAFA DE SEGURIDAD LENTE OSCURO ECONOMICA,,  5 ,1120,,0,0,  5 ,,,,,,
FR01474,,GUANTE NITRILO FINO,,  4 ,2254,,0,0,  4 ,,,,,,
FR00758,,HOMBRE SOLO CAUCHO #10,,  2 ,11246,,0,0,  2 ,,,,,,
FR02725,,INTERRUPTOR SENCILLO INCRUSTAR BRINK,,  6 ,2345,,0,0,  6 ,,,,,,
FR00774,,LAPIZ ROJO MINA,,  20 ,4803,,0,0,  20 ,,,,,,
FR1750,,LLANA LISA MANGO MADERA ECONOMICA,,  5 ,8999,,0,0,  5 ,,,,,,
FR02636,,BALDE CONSTRUCCION INDUMA (CON VARILLA),,  5 ,4378,,0,0,  5 ,,,,,,
FR02536,,CINTA ANCHA X 300 MTS TRANSPARENTE,,  3 ,9124,,0,0,  3 ,,,,,,
FR02351,,CINTA GRIS MCGIVER X 9 MTS,,,3721,,0,0,  -   ,,,,,,
FR00618,,"ESPATULA DE ACERO MANGO PASTA 6""",,  3 ,2438,,0,0,  3 ,,,,,,
FR02657,,VINIPEL TRANSPARENTE 15 CM,,,6268,,0,0,  -   ,,,,,,
FR2728,,TOMA MAS INTERRUPTOR INCRUSTAR BRINK,,  5 ,3681,,0,0,  5 ,,,,,,
LLAVE PROF 8 EN 1,,LLAVE PROFESIONAL 8 EN 1,,  3 ,,,0,0,  3 ,,,,,,
,,LAMPARAS LED,,,,,0,0,  -   ,,,,,,
LED3WR,,LAMPARA  DE 3W REDONDA,,  18 ,3400,,0,0,  18 ,,,,,,
LED6WR,,LAMPARA  DE 6W REDONDA,,  10 ,4200,,0,0,  10 ,,,,,,
LEDR12W,,LAMPARA DE 12W REDONDA,,  24 ,5500,,0,2,  22 ,,,,,,
LEDR18W,,LAMPARA DE 18W REDONDA ,,  10 ,6000,,0,4,  6 ,,,,,,
LEDC12W,,LAMPARA DE 12W CUADRADA,,  8 ,5500,,0,1,  7 ,,,,,,
LEDC18W,,LAMPARA DE 18W CUADRADA,,  14 ,6000,,0,7,  7 ,,,,,,
LEDC24W ,,LAMPARA DE 24W CUADRADA,,  2 ,8900,,0,0,  2 ,,,,,,
LEDR18W SIN BORDE,,LAMPARA DE 18W REDONDA INCRUSTAR PVC,,  95 ,6000,,20,13,  102 ,,,,,,
LEDR24W SIN BORDE,,LAMPARA DE 24W REDONDA INCRUSTAR PVC,,  55 ,8900,,40,14,  81 ,,,,,,
LEDR36W SIN BORDE,,LAMPARA DE 36W REDONDA INCRUSTAR PVC  ,,  4 ,13600,,0,0,  4 ,,,,,,
LEDC18W SIN BORDE,,LAMPARA DE18W CUADRADA INCRUSTAR PVC,,,6300,,0,0,  -   ,,,,,,
LEDC24W SIN BORDE,,LAMPARA DE 24W CUADRADA INCRUSTAR PVC,,  9 ,9800,,0,0,  9 ,,,,,,
LEDC36W SIN BORDE,,LAMPARA DE 36W CUADRADA INCRUSTAR PVC,,,13600,,20,0,  20 ,,,,,,
,,LED SOBREPONER,,,,,0,0,  -   ,,,,,,
LEDS12WR,,LAMPARA LED DE SOBREPONER DE 12W REDONDA ,,  9 ,5500,,0,0,  9 ,,,,,,
LEDS18WR,,LAMPARA LED DE SOBREPONER DE 18W REDONDA,,  39 ,6600,,0,1,  38 ,,,,,,
LEDS24WR,,LAMPARA LED DE SOBREPONER DE 24W REDONDA,,,8900,,0,0,  -   ,,,,,,
LEDRS 18W CON BORDE,,LAMPARA DE 18W REDONDA  SOBREPONER CON BORDE  PLANCHA ,,  29 ,6000,,0,0,  29 ,,,,,,
LEDRS 24W CON BORDE,,LAMPARA DE 24W REDONDA  SOBREPONER CON BORDE  PLANCHA ,,,8900,,20,1,  19 ,,,,,,
LEDRS 36W CON BORDE,,LAMPARA DE 36W REDONDA  SOBREPONER CON BORDE  PLANCHA ,,  32 ,13600,,0,0,  32 ,,,,,,
LEDCS 18W CON BORDE,,LAMPARA DE 18W CUADRADA  SOBREPONER CON BORDE  PLANCHA ,,  39 ,6300,,0,0,  39 ,,,,,,
LEDCS 24W CON BORDE,,LAMPARA DE 24W CUADRADA  SOBREPONER CON BORDE  PLANCHA ,,  20 ,9800,,0,0,  20 ,,,,,,
LEDCS 36W CON BORDE,,LAMPARA DE 36W CUADRADA  SOBREPONER CON BORDE  PLANCHA ,,,13600,,0,0,  -   ,,,,,,
SENSOR,,SENSOR TECHO EXTRAPLANO 360,,  5 ,19000,,0,0,  5 ,,,,,,
CINTA LED ,,CINTA LED 5050   5 METROS DE COLORES,,  4 ,35000,,0,0,  4 ,,,,,,
MANGUERA C,,MANGUERA LED CALIDA 110V X 100 MTRS,,  80 ,270000,,0,23,  57 ,,,,,,
MANGUERA B,,MANGUERA LED BLANCA 110V,,,300000,,0,0,  -   ,,,,,,
CONECTOR,,CONECTOR 5050 110V LUX LED MANGUERA,,  40 ,4000,,0,4,  36 ,,,,,,
SIMBRA,,SIMBRA PARA TOMA DE NIVELES,,  2 ,,,0,0,  2 ,,,,,,
NIVEL A,,NIVEL ALUMUNIO CON IMAN,,  1 ,,,0,0,  1 ,,,,,,
NIVEL,,NIVEL SENCILLO,,  4 ,,,0,0,  4 ,,,,,,
CORT 3M,,CORTINA NAVIDAD 3 MTR,,  2 ,27000,,0,0,  2 ,,,,,,
CORT 3TR ESFERAS,,CORTINA NAVIDAD 3 MTS ESFERAS,,  1 ,35000,,0,0,  1 ,,,,,,
CORT SOLAR X 10MT,,CORTINA MULTICOLOR SOLAR X 10 METROS ,,  1 ,19000,,0,0,  1 ,,,,,,
LED 30W DEC,,LAMPARA DECORATIVA REDONDA 30W,,,50000,,6,0,,,,,,,
HEXAGONAL ,,HEXAGONAL TRICOLOR ,,,316000,,3,0,,,,,,,
,,RYR,,,,,0,0,,,,,,,
ALICAT,,ALICATE ,,  5 ,,,0,0,  5 ,,,,,,
EXTE 100M,,EXTENSION DE 100 METROS NAVIDAD,,,80000,,0,0,  -   ,,,,,,
EX 6FT,,EXTENSION IMPORTADA 6FT,,,3700,,0,0,  -   ,,,,,,
EX 9FT,,"EXTENSION IMPORTADA 9FT 2,74 MTR",,  5 ,4500,,0,0,  5 ,,,,,,
EX 12FT,,"EXTENSION IMPORTADA 12FT 3,65 MTR",,  4 ,4700,,0,0,  4 ,,,,,,
TOMA X6,,TOMA MULTIPLE POR 6,,  3 ,6100,,0,0,  3 ,,,,,,
BISTURI P,,BISTURY PEQUEÑO SENCILLO,,  13 ,2000,,0,0,  13 ,,,,,,
BISTURI ,,BISTURI METALICO,,,2100,,0,0,  -   ,,,,,,
REPUESTO B,,REPUESTO PARA BISTURY ,,,1050,,0,0,  -   ,,,,,,
PISTOLA S1,,PISTOLA CALEFATEO CANOA  TIPO 1,,  2 ,4500,,0,0,  2 ,,,,,,
PISTOLA S2,,PISTOLA CALEFATEO CANOA  TIPO 2,,,15000,,0,1,- 1 ,,,,,,
PISTOLA S3,,PISTOLA CALEFATEO CANOA  TIPO 3,,  3 ,21000,,0,1,  2 ,,,,,,
TIJERA PROF ,,TIJERA PROFESIONAL CORTE LAMINA,,  2 ,10800,,0,0,  2 ,,,,,,
REMACHADORA1,,REMACHADORA CON REMACHES ,,  2 ,13900,,0,0,  2 ,,,,,,
PISTOLA SG,,PISTOLA DE SILICONA GRANDE ,,  2 ,7100,,0,0,  2 ,,,,,,
PISTOLA SP,,PISTOLA SILICONA PEQUEMA,,  8 ,5050,,0,0,  8 ,,,,,,
GANCHO A,,GANCHO ADHESIVO CON AMARRA ,,,130,,0,0,  -   ,,,,,,
METRO 5,,FLEXOMETRO DE 5 METROS POR 19MM,,  2 ,8100,,0,0,  2 ,,,,,,
METRO  7.5,,FLEXOMETRO DE 7.5 METROS POR 25MM,,  1 ,6150,,0,0,  1 ,,,,,,
MARTILLO CHIPOTE,,MARTILLO DE GOMA,,  6 ,,,0,0,  6 ,,,,,,
MARCO SM,,MARCO SEGUETA MINI,,,6500,,0,0,  -   ,,,,,,
SEGUETA A,,HOJA DE SEGUETA,,  9 ,,,0,0,  9 ,,,,,,
ESCUADRA,,ESCUADRA,,  7 ,,,0,1,  6 ,,,,,,
TAPA GAS,,TAPA REGISTRO,,  6 ,,,0,0,  6 ,,,,,,
TAPA PLAS R,,TAPA PLASTICA REDONDA,,  15 ,,,0,0,  15 ,,,,,,
TAPA PLAS C,,TAPA PLASTICA CUADRADA,,  20 ,,,0,0,  20 ,,,,,,
SINCEL,,SINCEL,,  5 ,,,0,0,  5 ,,,,,,
THINER X 500,,THINER X GL,,  2 ,,,0,0,  2 ,,,,,,
THINER X 1000,,THINER X LT,,  6 ,,,0,0,  6 ,,,,,,
BRE1/8,,BROCA LAMINA ECONOMICA 1/8,,,600,,0,1,- 1 ,,,,,,
BRE3/16,,BROCA LAMINA ECONOMICA 3/16,,  22 ,1100,,0,0,  22 ,,,,,,
MARTILLO S,,MARTILLO SEÑORITERO ,,  4 ,5230,,0,0,  4 ,,,,,,
BRE3/8,,BROCA LAMINA ECONOMICA 3/8,,  6 ,,,0,0,  6 ,,,,,,
BRE5/32,,BROCA LAMINA ECONOMICA 5/32,,  7 ,450,,0,0,  7 ,,,,,,
BRE1/4,,BROCA LAMINA ECONOMICA 1/4,,  3 ,,,0,0,  3 ,,,,,,
BRW1/4,,BROCA LAMINA WURTH 3/16,,  10 ,5163,,0,0,  10 ,,,,,,
BRW5/16,,BROCA LAMINA WURTH 5/16,,  16 ,5218,,0,0,  16 ,,,,,,
BRW3/8,,BROCA LAMINA WURTH 3/8,,  -   ,5218,,0,0,  -   ,,,,,,
BRW5/32,,BROCA LAMINA WURTH 5/32,,  -   ,"3433,15",,0,0,  -   ,,,,,,
BRW9/64,,BROCA LAMINA WURTH 9/64,,  40 ,30690,,0,0,  40 ,,,,,,
BRW3/32,,BROCA LAMINA WURTH 3/32,,  20 ,2171,,0,0,  20 ,,,,,,
BRW1/8,,BROCA LAMINA WURTH 1/8,,  20 ,2230,,0,0,  20 ,,,,,,
BRW7/64,,BROCA LAMINA WURTH 7/64,,  20 ,2112,,0,0,  20 ,,,,,,
AEROSOL GRIS,,AEROSOL ANTICORROSIVO GRIS 400M,,  7 ,4010,,0,0,  7 ,,,,,,
AEROSOL BLANCO,,AEROSOL A BLANCO 400M,,  6 ,4000,,0,0,  6 ,,,,,,
AEROSOL NEGRO,,AEROSOL ANTICORROSIVO NEGRO 400M,,,4010,,0,0,  -   ,,,,,,
CINTA TAPAGOTERAS,,CINTA ADHESIVA SELLADORA IMPERMEABLE X 10 MTS,,  25 ,,,0,0,  25 ,,,,,,
CINTA NEGRA X15,,CINTA NEGRA POR 15 MTETROS ,,  12 ,1000,,0,0,  12 ,,,,,,
CINTA NEGRA X5,,CINTA NEGRA POR 5 MTETROS ,,  53 ,650,,0,1,  52 ,,,,,,
,,,,,,,0,0,  -   ,,,,,,
TOTAL V,,TOTAL VENTAS MENSUAL,,,,,0,38808800,- 38.808.800 ,,,,,,
1,,FLETE,,,,,0,925000,,,,,,,
2,,AGUA,,,,,0,0,  -   ,,,,,,
3,,RC ENERGIA,,,,,0,0,  -   ,,,,,,
4,,RC GAS,,,,,0,0,  -   ,,,,,,
5,,INTERNET,,,,,0,0,  -   ,,,,,,
6,,ARRIENDO,,,,,0,1400000,- 1.400.000 ,,,,,,
7,,1RA QUINCENA,,,,,0,0,  -   ,,,,,,
8,,2DA QUNCENA,,,,,0,1200000,- 1.200.000 ,,,,,,
9,,BONIFICACION,,,,,0,0,  -   ,,,,,,
10,,CAFETERIA/RESTAURANTE,,,,,0,0,  -   ,,,,,,
11,,COMBUSTIBLE-PEAJES,,,,,0,0,  -   ,,,,,,
12,,PAPELERIA,,,,,0,0,  -   ,,,,,,
13,,ASEO,,,,,0,0,  -   ,,,,,,
14,,TRABAJADOR,,,,,0,0,  -   ,,,,,,
15,,BOLSAS TORNILLOS,,,,,0,0,  -   ,,,,,,
16,,DOTACIÓN,,,,,0,0,  -   ,,,,,,
17,,SEGURO BOLIBAR,,,,,0,0,  -   ,,,,,,
21,,RECAUDO EFECTIVO,,,,,0,0,  -   ,,,,,,
22,,CONSIGNACION PROVEEDOR DRAWALL,,,,,0,8172300,- 8.172.300 ,,,,,,
202,,CONSIGNACION  COLOMBIA GOLD,,,,,0,1400000,- 1.400.000 ,,,,,,
203,,CONSIGNACION  FERRETERIA PANORAMA,,,,,0,0,  -   ,,,,,,
204,,CONSIGNACION   F Y R,,,,,0,0,  -   ,,,,,,
205,,CONSIGNACION  FERROINOX,,,,,0,500000,- 500.000 ,,,,,,
206,,CONSIGNACION  EPA ANDREA ,,,,,0,1000000,- 1.000.000 ,,,,,,
207,,CONSIGNACION  LA BODEGA DEL PVC ARMENIA,,,,,0,0,  -   ,,,,,,
208,,CONSIGNACION   DOÑA  ADRIANA ,,,,,0,0,  -   ,,,,,,
209,,CONSIGNACION  DAVIVIENDA,,,,,0,880000,- 880.000 ,,,,,,
210,,CONSIGNACION  CREDITO COLFICAFE,,,,,0,0,  -   ,,,,,,
211,, CONSIGNACION  CREDITO MUNDO MUJER,,,,,0,0,  -   ,,,,,,
213,,CONSIGNACION  FERRETERIA LA NUEVA,,,,,0,320000,- 320.000 ,,,,,,
214,,CONSIGNACION SOLO TECHOS PVC,,,,,0,9197000,- 9.197.000 ,,,,,,
215,,CONSIGNACION SOLO TORNILLOS ,,,,,0,992000,- 992.000 ,,,,,,
516,,CONSIGNACION LUMILED  ,,,,,0,424000,- 424.000 ,,,,,,
23,,GASTOS VARIOS,,,,,0,0,  -   ,,,,,,
24,,DESCARGUE,,,,,0,0,  -   ,,,,,,
25,,DEVOLUCIONES,,,,,0,288000,- 288.000 ,,,,,,
26,,SALUD Y SEGURO FRANCY,,,,,0,0,  -   ,,,,,,
TOTAL G,,TOTAL GASTOS,,,,,0,4778000,- 4.778.000 ,,,,,,
,,CARTERA CLIENTES,,,,,0,0,,,,,,,
27,,AGROMORALES,300000,  749.000 ,,,0,0,  749.000 ,,,,,,
28,,FABIO POLICIA,,  867.000 ,,,0,0,  867.000 ,,,,,,
29,,JORGE LUIS CONSTRUCTOR,3353500,  101.000 ,,,0,0,  101.000 ,,,,,,
30,,CAPUCELL,,"269.400,0",,,0,0,  269.400 ,,,,,,
31,,EL GATO,,"424.000,0",,,0,0,  424.000 ,,,,,,
32,,RICHARD HENAO,,"689.000,0",,,0,0,  689.000 ,,,,,,
33,,DON DIEGO,,"568.000,0",,,0,0,  568.000 ,,,,,,
34,,HERMANO CAPUCELL,,"942.000,0",,,0,0,  942.000 ,,,,,,
35,,ACOSTA,,"250.000,0",,,0,0,  250.000 ,,,,,,
36,,YORMAN,,"500.000,0",,,0,0,  500.000 ,,,,,,
37,,DON DIEGO CARNICERIA,,"1.362.000,0",,,0,0,  1.362.000 ,,,,,,
38,,REINEL BAR,,"4.803.000,0",,,0,0,  4.803.000 ,,,,,,
39,,PANADERIA TOLIPAN,,"894.000,0",,,0,0,  894.000 ,,,,,,
40,,LUZ NELLY CARDONA- SAYJU,,"1.738.000,0",,,0,0,  1.738.000 ,,,,,,
41,,VIDRIERIA MAQUINA,,"506.000,0",,,0,0,  506.000 ,,,,,,
42,,FERRO TISP,,,,,321000,0,  321.000 ,,,,,,
43,,KAPULL AHORRO,,,,,1050000,0,  1.050.000 ,,,,,,
,,TOTAL CARTERA AL 11/07/2026,,"14.662.400,0",,,,,,,,,,,
,,,,,,,,,,,,,,,
,,,,,,,,,,,,,,,
TENER EN CUENTA,,NOTAS ACLARATORIAS,,,,,,,,,,,,,
GASTOS,,SE DIGITAN EN SALIDAS,,,,,,,,,,,,,
CREDITOS NUEVOS,,SE DIGITAN EN ENTRADAS,,,,,,,,,,,,,
ABONOS CARTERA,,SE DIGITAN EN SALIDAS,,,,,,,,,,,,,